{
  "id": {
    "providerName": "admin",
    "apiName": "demo",
    "version": "1.0.0"
  },
  "uuid": "199a3217-8f2b-4897-a368-76f64577e2ae",
  "context": "/demo/1.0.0",
  "contextTemplate": "/demo/{version}",
  "tags": [],
  "documents": [],
  "lastUpdated": "Nov 5, 2016 12:25:08 PM",
  "availableTiers": [
    {
      "name": "Unlimited",
      "displayName": "Unlimited",
      "description": "Allows unlimited requests",
      "requestsPerMin": 2147483647,
      "requestCount": 2147483647,
      "unitTime": 0,
      "timeUnit": "ms",
      "stopOnQuotaReached": true
    }
  ],
  "availableSubscriptionLevelPolicies": [],
  "uriTemplates": [
    {
      "uriTemplate": "/*",
      "httpVerb": "POST",
      "authType": "Any",
      "httpVerbs": [
        "POST"
      ],
      "authTypes": [
        "Any"
      ],
      "throttlingConditions": [],
      "throttlingTier": "Unlimited",
      "throttlingTiers": [
        "Unlimited"
      ],
      "mediationScript": "null",
      "scopes": [
        null
      ],
      "mediationScripts": {}
    }
  ],
  "apiHeaderChanged": false,
  "apiResourcePatternsChanged": false,
  "status": "CREATED",
  "visibility": "public",
  "endpointSecured": false,
  "endpointAuthDigest": false,
  "transports": "http,https",
  "advertiseOnly": false,
  "corsConfiguration": {
    "corsConfigurationEnabled": false,
    "accessControlAllowOrigins": [
      "*"
    ],
    "accessControlAllowCredentials": false,
    "accessControlAllowHeaders": [
      "authorization",
      "Access-Control-Allow-Origin",
      "Content-Type",
      "SOAPAction"
    ],
    "accessControlAllowMethods": [
      "GET",
      "PUT",
      "POST",
      "DELETE",
      "PATCH",
      "OPTIONS"
    ]
  },
  "endpointConfig": "{\"production_endpoints\":{\"url\":\"http://localhost:8281/services/demo\",\"config\":null,\"template_not_supported\":false},\"endpoint_type\":\"http\"}",
  "responseCache": "Disabled",
  "cacheTimeout": 300,
  "implementation": "ENDPOINT",
  "scopes": [],
  "isDefaultVersion": true,
  "isPublishedDefaultVersion": false,
  "environments": [
    "Production and Sandbox"
  ],
  "rating": 0.0,
  "isLatest": true
}